"emp_no";"title"
10001;"Senior Engineer"
10002;"Staff"
10003;"Senior Engineer"
10004;"Senior Engineer"
10005;"Senior Staff"
10006;"Senior Engineer"
10007;"Senior Staff"
10009;"Senior Engineer"
10010;"Engineer"
10012;"Senior Engineer"
10013;"Senior Staff"
10014;"Engineer"
10016;"Staff"
10017;"Senior Staff"
10018;"Senior Engineer"
10019;"Staff"
10020;"Engineer"
10022;"Engineer"
10023;"Engineer"
10024;"Assistant Engineer"
10026;"Senior Engineer"
10027;"Senior Engineer"
10029;"Senior Engineer"
10030;"Senior Engineer"
10031;"Senior Engineer"
10032;"Senior Engineer"
10035;"Senior Engineer"
10036;"Senior Staff"
10037;"Senior Engineer"
10038;"Senior Staff"
10039;"Senior Staff"
10040;"Senior Engineer"
10041;"Senior Staff"
10043;"Senior Engineer"
10044;"Technique Leader"
10045;"Engineer"
10046;"Senior Staff"
10047;"Senior Engineer"
10049;"Senior Staff"
10050;"Senior Staff"
10051;"Senior Engineer"
10052;"Senior Staff"
10053;"Senior Staff"
10054;"Senior Staff"
10056;"Senior Engineer"
10057;"Senior Engineer"
10058;"Senior Staff"
10059;"Senior Staff"
10060;"Senior Staff"
10061;"Senior Staff"
10062;"Senior Engineer"
10063;"Senior Engineer"
10065;"Engineer"
10066;"Senior Engineer"
10067;"Senior Engineer"
10068;"Senior Staff"
10069;"Technique Leader"
10070;"Technique Leader"
10071;"Staff"
10072;"Senior Engineer"
10074;"Technique Leader"
10076;"Senior Engineer"
10077;"Staff"
10078;"Engineer"
10079;"Technique Leader"
10080;"Senior Staff"
10081;"Senior Engineer"
10083;"Senior Engineer"
10084;"Senior Engineer"
10085;"Senior Engineer"
10086;"Senior Staff"
10088;"Senior Staff"
10089;"Senior Staff"
10091;"Senior Engineer"
10092;"Engineer"
10093;"Staff"
10095;"Senior Staff"
10096;"Engineer"
10097;"Senior Staff"
10099;"Senior Staff"
10100;"Senior Staff"
10102;"Engineer"
10103;"Engineer"
10104;"Senior Staff"
10106;"Senior Engineer"
10107;"Senior Staff"
10109;"Senior Engineer"
10110;"Senior Staff"
10111;"Senior Engineer"
10112;"Staff"
10113;"Engineer"
10114;"Senior Staff"
10117;"Senior Engineer"
10118;"Senior Engineer"
10120;"Engineer"
10121;"Senior Engineer"
10122;"Technique Leader"
10123;"Engineer"
10124;"Senior Engineer"
10126;"Senior Staff"
10127;"Senior Engineer"
10128;"Senior Staff"
10129;"Technique Leader"
10130;"Senior Engineer"
10132;"Staff"
10133;"Senior Engineer"
10134;"Senior Engineer"
10135;"Engineer"
10137;"Senior Staff"
10138;"Senior Engineer"
10139;"Engineer"
10140;"Senior Staff"
10141;"Senior Staff"
10142;"Senior Engineer"
10143;"Senior Engineer"
10145;"Engineer"
10147;"Senior Staff"
10148;"Staff"
10150;"Senior Engineer"
10151;"Senior Staff"
10153;"Assistant Engineer"
10154;"Staff"
10155;"Senior Staff"
10156;"Senior Engineer"
10157;"Senior Engineer"
10158;"Senior Engineer"
10159;"Senior Engineer"
10160;"Senior Staff"
10162;"Engineer"
10163;"Senior Staff"
10164;"Senior Engineer"
10165;"Senior Staff"
10166;"Engineer"
10167;"Senior Engineer"
10168;"Senior Staff"
10169;"Engineer"
10171;"Technique Leader"
10172;"Engineer"
10173;"Senior Staff"
10174;"Senior Engineer"
10176;"Senior Staff"
10178;"Staff"
10179;"Engineer"
10180;"Senior Staff"
10181;"Senior Engineer"
10182;"Senior Engineer"
10183;"Staff"
10184;"Staff"
10185;"Senior Staff"
10187;"Senior Staff"
10188;"Senior Engineer"
10190;"Senior Engineer"
10191;"Senior Engineer"
10192;"Senior Engineer"
10193;"Engineer"
10194;"Senior Staff"
10196;"Staff"
10197;"Senior Engineer"
10198;"Senior Engineer"
10199;"Staff"
10200;"Senior Engineer"
10201;"Senior Engineer"
10202;"Senior Engineer"
10203;"Senior Staff"
10205;"Senior Engineer"
10206;"Technique Leader"
10207;"Senior Engineer"
10209;"Senior Staff"
10210;"Senior Staff"
10211;"Senior Engineer"
10212;"Senior Engineer"
10213;"Staff"
10214;"Senior Staff"
10215;"Senior Staff"
10216;"Senior Staff"
10218;"Senior Engineer"
10219;"Senior Staff"
10220;"Staff"
10222;"Engineer"
10223;"Engineer"
10224;"Senior Engineer"
10225;"Staff"
10226;"Staff"
10227;"Technique Leader"
10228;"Senior Staff"
10230;"Senior Staff"
10231;"Staff"
10232;"Senior Staff"
10233;"Senior Staff"
10235;"Senior Engineer"
10236;"Staff"
10238;"Engineer"
10239;"Staff"
10240;"Engineer"
10241;"Senior Staff"
10242;"Senior Engineer"
10243;"Senior Staff"
10244;"Engineer"
10246;"Senior Engineer"
10247;"Senior Engineer"
10248;"Senior Staff"
10249;"Senior Engineer"
10250;"Senior Engineer"
10251;"Senior Staff"
10252;"Senior Engineer"
10254;"Senior Staff"
10256;"Senior Staff"
10257;"Technique Leader"
10258;"Senior Engineer"
10260;"Senior Engineer"
10262;"Staff"
10263;"Staff"
10264;"Engineer"
10265;"Senior Engineer"
10266;"Senior Engineer"
10267;"Engineer"
10269;"Senior Engineer"
10270;"Senior Staff"
10271;"Senior Engineer"
10272;"Staff"
10273;"Senior Staff"
10274;"Engineer"
10275;"Senior Engineer"
10277;"Senior Staff"
10279;"Engineer"
10280;"Staff"
10281;"Senior Engineer"
10282;"Engineer"
10283;"Senior Engineer"
10284;"Engineer"
10285;"Staff"
10287;"Senior Staff"
10288;"Technique Leader"
10290;"Senior Engineer"
10291;"Senior Staff"
10292;"Senior Staff"
10293;"Senior Engineer"
10295;"Senior Staff"
10296;"Senior Staff"
10297;"Senior Engineer"
10298;"Staff"
10299;"Senior Staff"
10300;"Senior Engineer"
10301;"Senior Staff"
10306;"Staff"
10307;"Engineer"
10308;"Senior Staff"
10309;"Assistant Engineer"
10311;"Engineer"
10312;"Senior Engineer"
10313;"Staff"
10314;"Senior Staff"
10315;"Senior Engineer"
10317;"Staff"
10318;"Senior Engineer"
10319;"Senior Staff"
10322;"Senior Engineer"
10323;"Senior Engineer"
10324;"Engineer"
10325;"Senior Staff"
10326;"Staff"
10328;"Engineer"
10329;"Technique Leader"
10330;"Staff"
10331;"Senior Staff"
10333;"Senior Engineer"
10334;"Staff"
10335;"Senior Staff"
10336;"Staff"
10337;"Assistant Engineer"
10338;"Staff"
10339;"Senior Engineer"
10340;"Senior Staff"
10342;"Senior Engineer"
10343;"Senior Engineer"
10344;"Assistant Engineer"
10345;"Senior Engineer"
10347;"Staff"
10348;"Technique Leader"
10349;"Senior Staff"
10351;"Staff"
10352;"Engineer"
10353;"Senior Staff"
10355;"Staff"
10356;"Senior Staff"
10357;"Senior Engineer"
10358;"Technique Leader"
10359;"Engineer"
10360;"Staff"
10361;"Senior Staff"
10364;"Senior Engineer"
10366;"Engineer"
10367;"Senior Staff"
10368;"Assistant Engineer"
10369;"Staff"
10370;"Senior Staff"
10371;"Engineer"
10372;"Technique Leader"
10373;"Engineer"
10375;"Senior Staff"
10376;"Technique Leader"
10377;"Senior Engineer"
10378;"Senior Staff"
10379;"Engineer"
10380;"Senior Staff"
10381;"Engineer"
10383;"Senior Engineer"
10384;"Senior Staff"
10386;"Senior Engineer"
10387;"Senior Staff"
10388;"Staff"
10389;"Technique Leader"
10390;"Technique Leader"
10391;"Engineer"
10392;"Senior Engineer"
10393;"Senior Engineer"
10396;"Senior Engineer"
10397;"Technique Leader"
10398;"Senior Staff"
10399;"Staff"
10400;"Senior Staff"
10402;"Technique Leader"
10404;"Senior Engineer"
10406;"Engineer"
10407;"Senior Staff"
10408;"Staff"
10409;"Engineer"
10411;"Senior Staff"
10412;"Senior Engineer"
10413;"Senior Staff"
10415;"Senior Engineer"
10416;"Senior Staff"
10417;"Staff"
10418;"Staff"
10421;"Senior Staff"
10422;"Engineer"
10423;"Staff"
10424;"Senior Engineer"
10426;"Technique Leader"
10427;"Senior Staff"
10428;"Senior Staff"
10429;"Senior Engineer"
10430;"Senior Engineer"
10431;"Senior Staff"
10432;"Senior Staff"
10433;"Engineer"
10435;"Engineer"
10436;"Senior Staff"
10437;"Engineer"
10438;"Engineer"
10439;"Senior Engineer"
10440;"Technique Leader"
10441;"Senior Engineer"
10444;"Staff"
10445;"Senior Engineer"
10446;"Engineer"
10448;"Senior Staff"
10449;"Senior Staff"
10450;"Engineer"
10451;"Senior Engineer"
10453;"Senior Staff"
10454;"Senior Staff"
10455;"Senior Staff"
10456;"Staff"
10457;"Senior Engineer"
10458;"Senior Staff"
10459;"Staff"
10461;"Senior Staff"
10462;"Senior Engineer"
10463;"Staff"
10464;"Senior Staff"
10465;"Senior Staff"
10468;"Senior Staff"
10469;"Senior Engineer"
10470;"Senior Engineer"
10471;"Senior Engineer"
10473;"Engineer"
10474;"Senior Engineer"
10476;"Senior Staff"
10477;"Senior Engineer"
10478;"Senior Staff"
10479;"Senior Engineer"
10481;"Senior Engineer"
10482;"Engineer"
10483;"Engineer"
10484;"Senior Staff"
10485;"Engineer"
10486;"Senior Engineer"
10487;"Senior Engineer"
10488;"Senior Engineer"
10490;"Senior Staff"
10491;"Senior Staff"
10492;"Senior Engineer"
10493;"Senior Staff"
10494;"Senior Engineer"
10495;"Technique Leader"
10497;"Senior Engineer"
10498;"Engineer"
10499;"Senior Staff"
10500;"Engineer"
10501;"Senior Engineer"
10502;"Technique Leader"
10503;"Engineer"
10504;"Staff"
10506;"Senior Engineer"
10507;"Senior Staff"
10508;"Senior Engineer"
10509;"Senior Staff"
10510;"Senior Staff"
10511;"Engineer"
10512;"Senior Staff"
10513;"Senior Staff"
10516;"Senior Engineer"
10517;"Senior Staff"
10518;"Technique Leader"
10520;"Senior Engineer"
10521;"Senior Staff"
10522;"Senior Staff"
10523;"Senior Engineer"
10524;"Senior Engineer"
10526;"Senior Engineer"
10527;"Technique Leader"
10528;"Senior Engineer"
10529;"Assistant Engineer"
10530;"Senior Engineer"
10531;"Staff"
10532;"Senior Staff"
10533;"Senior Staff"
10535;"Senior Staff"
10536;"Senior Staff"
10537;"Senior Staff"
10539;"Senior Staff"
10540;"Senior Engineer"
10542;"Senior Engineer"
10543;"Staff"
10544;"Senior Staff"
10545;"Senior Engineer"
10546;"Senior Staff"
10548;"Senior Staff"
10549;"Senior Engineer"
10550;"Senior Engineer"
10551;"Senior Engineer"
10552;"Senior Engineer"
10553;"Senior Engineer"
10554;"Senior Engineer"
10556;"Senior Staff"
10557;"Senior Engineer"
10558;"Senior Engineer"
10559;"Staff"
10560;"Engineer"
10561;"Senior Staff"
10562;"Senior Engineer"
10564;"Senior Engineer"
10565;"Senior Engineer"
10567;"Senior Staff"
10568;"Staff"
10569;"Senior Staff"
10571;"Senior Engineer"
10572;"Senior Engineer"
10573;"Staff"
10574;"Senior Staff"
10576;"Senior Staff"
10577;"Senior Staff"
10578;"Senior Engineer"
10579;"Senior Engineer"
10580;"Senior Staff"
10581;"Senior Engineer"
10582;"Assistant Engineer"
10584;"Senior Engineer"
10585;"Senior Engineer"
10586;"Senior Engineer"
10587;"Senior Engineer"
10588;"Senior Engineer"
10589;"Senior Staff"
10590;"Senior Staff"
10592;"Staff"
10593;"Senior Engineer"
10594;"Senior Engineer"
10595;"Senior Engineer"
10596;"Senior Staff"
10597;"Senior Staff"
10599;"Technique Leader"
10600;"Senior Staff"
10603;"Staff"
10604;"Senior Engineer"
10605;"Senior Engineer"
10606;"Senior Engineer"
10607;"Engineer"
10609;"Engineer"
10610;"Engineer"
10611;"Senior Engineer"
10612;"Senior Engineer"
10613;"Staff"
10614;"Senior Engineer"
10615;"Senior Staff"
10616;"Staff"
10618;"Engineer"
10619;"Senior Staff"
10620;"Engineer"
10621;"Senior Engineer"
10622;"Senior Engineer"
10623;"Senior Engineer"
10624;"Technique Leader"
10626;"Staff"
10627;"Senior Staff"
10628;"Senior Engineer"
10630;"Engineer"
10631;"Engineer"
10633;"Staff"
10634;"Senior Engineer"
10636;"Staff"
10638;"Senior Staff"
10639;"Senior Engineer"
10640;"Senior Staff"
10641;"Engineer"
10642;"Engineer"
10643;"Senior Engineer"
10645;"Senior Engineer"
10646;"Senior Staff"
10647;"Assistant Engineer"
10648;"Senior Engineer"
10649;"Senior Staff"
10650;"Engineer"
10651;"Senior Staff"
10653;"Senior Engineer"
10654;"Senior Engineer"
10655;"Senior Staff"
10656;"Senior Engineer"
10657;"Senior Staff"
10658;"Senior Staff"
10659;"Senior Engineer"
10661;"Senior Staff"
10662;"Engineer"
10663;"Technique Leader"
10664;"Senior Engineer"
10666;"Senior Staff"
10667;"Senior Staff"
10669;"Senior Staff"
10670;"Senior Staff"
10671;"Senior Staff"
10674;"Engineer"
10675;"Senior Staff"
10676;"Engineer"
10677;"Engineer"
10678;"Senior Engineer"
10679;"Senior Staff"
10681;"Staff"
10682;"Senior Staff"
10683;"Senior Engineer"
10684;"Engineer"
10686;"Senior Engineer"
10687;"Senior Staff"
10688;"Senior Staff"
10689;"Senior Staff"
10690;"Senior Engineer"
10691;"Technique Leader"
10692;"Senior Staff"
10693;"Senior Staff"
10695;"Engineer"
10696;"Technique Leader"
10697;"Staff"
10698;"Senior Engineer"
10699;"Senior Engineer"
10701;"Senior Staff"
10702;"Senior Engineer"
10703;"Senior Engineer"
10704;"Senior Staff"
10705;"Senior Staff"
10707;"Senior Engineer"
10708;"Staff"
10709;"Senior Engineer"
10710;"Senior Staff"
10711;"Senior Engineer"
10712;"Senior Engineer"
10714;"Engineer"
10715;"Engineer"
10716;"Senior Engineer"
10717;"Senior Staff"
10718;"Senior Engineer"
10720;"Senior Staff"
10721;"Staff"
10723;"Technique Leader"
10724;"Senior Engineer"
10725;"Senior Staff"
10726;"Senior Engineer"
10728;"Senior Engineer"
10729;"Senior Engineer"
10732;"Senior Engineer"
10733;"Senior Staff"
10734;"Engineer"
10735;"Senior Staff"
10736;"Senior Engineer"
10737;"Engineer"
10738;"Technique Leader"
10739;"Engineer"
10741;"Senior Staff"
10742;"Technique Leader"
10743;"Staff"
10745;"Senior Engineer"
10746;"Technique Leader"
10748;"Senior Staff"
10749;"Senior Engineer"
10750;"Technique Leader"
10752;"Senior Engineer"
10754;"Senior Staff"
10756;"Senior Engineer"
10758;"Engineer"
10759;"Technique Leader"
10760;"Senior Staff"
10762;"Senior Staff"
10763;"Senior Engineer"
10764;"Senior Engineer"
10766;"Staff"
10767;"Staff"
10768;"Senior Engineer"
10769;"Technique Leader"
10771;"Senior Staff"
10772;"Senior Engineer"
10774;"Senior Engineer"
10775;"Senior Engineer"
10776;"Technique Leader"
10778;"Senior Staff"
10779;"Senior Staff"
10781;"Senior Staff"
10783;"Senior Staff"
10784;"Assistant Engineer"
10785;"Senior Engineer"
10786;"Senior Engineer"
10788;"Staff"
10789;"Staff"
10790;"Engineer"
10791;"Senior Engineer"
10793;"Senior Engineer"
10794;"Senior Staff"
10795;"Senior Staff"
10796;"Technique Leader"
10797;"Engineer"
10798;"Senior Engineer"
10799;"Senior Engineer"
10800;"Senior Engineer"
10802;"Senior Engineer"
10804;"Staff"
10805;"Senior Staff"
10806;"Senior Staff"
10807;"Senior Staff"
10808;"Senior Engineer"
10809;"Senior Engineer"
10810;"Senior Staff"
10811;"Engineer"
10813;"Senior Staff"
10814;"Senior Staff"
10815;"Senior Staff"
10816;"Senior Staff"
10817;"Senior Staff"
10818;"Staff"
10820;"Senior Staff"
10822;"Senior Engineer"
10823;"Staff"
10824;"Staff"
10825;"Senior Engineer"
10826;"Senior Engineer"
10827;"Staff"
10830;"Senior Staff"
10831;"Technique Leader"
10832;"Senior Staff"
10833;"Technique Leader"
10834;"Engineer"
10835;"Engineer"
10836;"Senior Staff"
10838;"Senior Engineer"
10839;"Assistant Engineer"
10840;"Senior Engineer"
10841;"Senior Staff"
10843;"Senior Engineer"
10844;"Engineer"
10845;"Senior Engineer"
10846;"Senior Engineer"
10847;"Senior Staff"
10848;"Senior Engineer"
10849;"Engineer"
10851;"Senior Staff"
10852;"Technique Leader"
10853;"Technique Leader"
10854;"Engineer"
10855;"Senior Staff"
10857;"Senior Staff"
10858;"Senior Engineer"
10859;"Staff"
10860;"Technique Leader"
10862;"Senior Staff"
10863;"Senior Engineer"
10864;"Senior Staff"
10866;"Senior Staff"
10868;"Senior Engineer"
10870;"Senior Engineer"
10871;"Staff"
10872;"Senior Staff"
10873;"Staff"
10874;"Senior Engineer"
10875;"Senior Engineer"
10877;"Senior Staff"
10878;"Staff"
10879;"Senior Engineer"
10880;"Senior Engineer"
10882;"Engineer"
10883;"Engineer"
10884;"Senior Engineer"
10885;"Senior Staff"
10886;"Senior Engineer"
10887;"Senior Engineer"
10889;"Senior Staff"
10890;"Senior Staff"
10891;"Engineer"
10892;"Senior Staff"
10893;"Senior Staff"
10894;"Engineer"
10896;"Engineer"
10897;"Senior Staff"
10898;"Senior Engineer"
10899;"Senior Staff"
10900;"Senior Engineer"
10901;"Staff"
10903;"Senior Staff"
10904;"Senior Engineer"
10906;"Staff"
10907;"Senior Staff"
10908;"Senior Staff"
10909;"Senior Engineer"
10910;"Senior Staff"
10911;"Senior Engineer"
10913;"Staff"
10915;"Senior Engineer"
10916;"Engineer"
10917;"Senior Engineer"
10919;"Staff"
10920;"Senior Staff"
10921;"Senior Engineer"
10923;"Senior Staff"
10924;"Senior Staff"
10925;"Technique Leader"
10926;"Senior Engineer"
10927;"Senior Staff"
10928;"Senior Staff"
10929;"Senior Staff"
10930;"Senior Engineer"
10932;"Senior Engineer"
10933;"Senior Engineer"
10934;"Staff"
10935;"Staff"
10936;"Senior Staff"
10937;"Senior Engineer"
10938;"Senior Staff"
10939;"Assistant Engineer"
10941;"Senior Staff"
10942;"Engineer"
10943;"Senior Engineer"
10944;"Senior Engineer"
10945;"Senior Engineer"
10946;"Staff"
10947;"Senior Staff"
10949;"Senior Staff"
10951;"Senior Staff"
10953;"Senior Staff"
10954;"Staff"
10955;"Senior Staff"
10956;"Engineer"
10957;"Senior Staff"
10958;"Senior Engineer"
10960;"Senior Staff"
10961;"Senior Engineer"
10962;"Senior Staff"
10964;"Senior Staff"
10965;"Senior Staff"
10966;"Staff"
10967;"Senior Engineer"
10968;"Senior Staff"
10969;"Senior Engineer"
10970;"Engineer"
10972;"Senior Engineer"
10973;"Senior Engineer"
10974;"Senior Engineer"
10975;"Senior Engineer"
10976;"Technique Leader"
10978;"Senior Engineer"
10979;"Senior Engineer"
10980;"Senior Engineer"
10981;"Senior Staff"
10982;"Senior Staff"
10983;"Senior Engineer"
10986;"Technique Leader"
10987;"Engineer"
10988;"Senior Engineer"
10989;"Senior Staff"
10990;"Technique Leader"
10991;"Engineer"
10992;"Engineer"
10993;"Senior Engineer"
10995;"Senior Staff"
10996;"Senior Staff"
10997;"Technique Leader"
10998;"Staff"
11000;"Senior Engineer"
